<?xml version="1.0" encoding="utf-8"?>
<!--
/*************************************************************
 ** OPLUS_FEATURE_BIOMETRICS
 ** Copyright (C), 2008-2020, OPLUS Mobile Comm Corp., Ltd
 **
 ** Description : 1.0
 **           This is a common file
 **
 ** Version: 1.0
 ** Date created: 12:00, 2020/09/6
 ** Author: Bin.Li@BSP.Kernel.Driver
 **
 *************************************************************/
-->
<manifest version="1.0" type="device">
    <hal format="aidl">
        <name>vendor.oplus.hardware.biometrics.fingerprintpay</name>
        <version>1</version>
        <interface>
            <name>IFingerprintPay</name>
            <instance>default</instance>
        </interface>
    </hal>
</manifest>
