<?xml version="1.0" encoding="utf-8"?>
<!--
/*************************************************************
 ** File: - manifest_oplus_misc.xml
 ** 
 ** Copyright (C), 2008-2020, OPLUS Mobile Comm Corp., Ltd
 **
 ** Description : 1.0
 **           This is a common file
 **
 ** Version: 1.0
 ** Date created: 12:00, 2020/06/03
 ** Author: Qicai.gu@Bsp.Group.Tp
 **
 ** ================== Revision History: =====================
 **      <author>         <date>                        <desc>
 **     Qicai.gu  12:00, 2020/06/03  Creat the misc xml
 *************************************************************/
-->
<manifest version="1.0" type="device">
    <hal format="aidl">
        <name>vendor.oplus.hardware.misc</name>
        <version>1</version>
        <fqname>IOplusMisc/default</fqname>
    </hal>
</manifest>
