<?xml version="1.0" encoding="utf-8"?>
<!--
/*************************************************************
 ** OPLUS_FEATURE_SECURITY_COMMON
 ** Copyright (C), 2008-2020, OPLUS Mobile Comm Corp., Ltd
 **
 ** Description : 1.0
 **           This is a common file
 **
 ** Version: 1.0
 ** Date created: 12:00, 2020/05/22
 ** Author: Qingjun.Wang@Tech.AD.Performance
 **
 *************************************************************/
-->
<manifest version="1.0" type="device">
<!--
    <hal format="hidl">
        <name>vendor.oplus.hardware.cryptoeng</name>
        <transport>hwbinder</transport>
        <version>1.0</version>
        <interface>
            <name>ICryptoeng</name>
            <instance>default</instance>
        </interface>
    </hal>
-->
    <hal format="aidl">
        <name>vendor.oplus.hardware.cryptoeng</name>
        <version>1</version>
        <interface>
            <name>ICryptoeng</name>
            <instance>default</instance>
        </interface>
    </hal>
</manifest>

