<?xml version="1.0" encoding="utf-8"?>
<!--
/*************************************************************
 ** Copyright (C), 2020-2030, OPPO Mobile Comm Corp., Ltd
 **
 ** Description : 1.0
 **           This is a common file
 **
 ** Version: 1.0
 ** Date created: 12:00, 2022/10/15
 ** Author: danny@camera.drv
 **
 *************************************************************/
-->
<manifest version="1.0" type="device">
    <hal format="aidl">
        <name>vendor.oplus.hardware.sendextcamcmd</name>
        <version>2</version>
        <fqname>ISendExtCamCmdService/default</fqname>
    </hal>
</manifest>

