<?xml version="1.0" encoding="utf-8"?>
<!--
/*************************************************************
 ** File: - manifest_oplus_gameopt.xml
 ** Copyright (C), 2019-2029, OPLUS Mobile Comm Corp., Ltd
 **
 ** Description : 1.0
 **           add for GameOpt
 **
 ** Version: 1.0
 ** Date created: 12:00, 2021/07/29
 ** Author:
 **     kaifan.wang@ANDROID.PERFORMANCE
 *************************************************************/
-->
<manifest version="1.0" type="device">
    <hal format="aidl">
        <name>vendor.oplus.hardware.gameopt</name>
        <version>1</version>
        <fqname>IGameOptHalService/default</fqname>
    </hal>
</manifest>
